{
  "defiLlamaTvl": 110032544.16239506,
  "usdcBalance": 11225007.939916,
  "usdtBalance": 293975.296121,
  "totalTvl": 121551527.39843206
}